month,revenue,profit
2019-01,1813586.44,544075.932
2019-02,2202022.42,660606.726
2019-03,2807100.38,842130.1140000001
2019-04,3390670.24,1017201.0720000002
2019-05,3152606.75,945782.0250000001
2019-06,2577802.2600000002,773340.6780000001
2019-07,2647775.7600000002,794332.7280000001
2019-08,2244467.88,673340.3640000001
2019-09,2097560.13,629268.0390000001
2019-10,3736726.88,1121018.064
2019-11,3199603.2,959880.9600000001
2019-12,4613443.34,1384033.002
2020-01,8670.29,2601.0870000000004
